-- phpMyAdmin SQL Dump
-- version 4.5.4.1deb2ubuntu2
-- http://www.phpmyadmin.net
--
-- Host: localhost:80
-- Generation Time: Mar 20, 2018 at 02:58 PM
-- Server version: 5.7.21-0ubuntu0.16.04.1
-- PHP Version: 7.0.25-0ubuntu0.16.04.1

SET SQL_MODE = "NO_AUTO_VALUE_ON_ZERO";
SET time_zone = "+00:00";


/*!40101 SET @OLD_CHARACTER_SET_CLIENT=@@CHARACTER_SET_CLIENT */;
/*!40101 SET @OLD_CHARACTER_SET_RESULTS=@@CHARACTER_SET_RESULTS */;
/*!40101 SET @OLD_COLLATION_CONNECTION=@@COLLATION_CONNECTION */;
/*!40101 SET NAMES utf8mb4 */;

--
-- Database: `leadsite`
--

-- --------------------------------------------------------

--
-- Table structure for table `admin_details`
--

CREATE TABLE `admin_details` (
  `admin_id` int(11) NOT NULL,
  `admin_username` varchar(55) DEFAULT NULL,
  `admin_password` varchar(15) DEFAULT NULL,
  `is_logged_in` tinyint(1) DEFAULT NULL,
  `last_logged_in` timestamp NULL DEFAULT NULL,
  `last_logged_out` timestamp NULL DEFAULT NULL,
  `status` tinyint(1) DEFAULT '1'
) ENGINE=InnoDB DEFAULT CHARSET=latin1;

--
-- Dumping data for table `admin_details`
--

INSERT INTO `admin_details` (`admin_id`, `admin_username`, `admin_password`, `is_logged_in`, `last_logged_in`, `last_logged_out`, `status`) VALUES
(1, 'admin', '123', 0, NULL, NULL, 1);

-- --------------------------------------------------------

--
-- Table structure for table `admin_meta_data`
--

CREATE TABLE `admin_meta_data` (
  `id` int(11) NOT NULL,
  `admin_id` int(11) NOT NULL,
  `admin_name` varchar(50) DEFAULT NULL,
  `phone_no` varchar(20) DEFAULT NULL,
  `alternamte_phone_no` varchar(20) DEFAULT NULL,
  `email_id` varchar(100) DEFAULT NULL,
  `alertnate_email_id` varchar(100) DEFAULT NULL,
  `profile_image` varchar(150) DEFAULT NULL,
  `address` varchar(500) DEFAULT NULL,
  `fb_link` varchar(100) DEFAULT NULL,
  `twitter_link` varchar(100) DEFAULT NULL,
  `linkedin_link` varchar(100) DEFAULT NULL,
  `youtube_link` varchar(100) DEFAULT NULL
) ENGINE=InnoDB DEFAULT CHARSET=latin1;

--
-- Dumping data for table `admin_meta_data`
--

INSERT INTO `admin_meta_data` (`id`, `admin_id`, `admin_name`, `phone_no`, `alternamte_phone_no`, `email_id`, `alertnate_email_id`, `profile_image`, `address`, `fb_link`, `twitter_link`, `linkedin_link`, `youtube_link`) VALUES
(2, 1, 'Debayan Sen', '8001670158', '8001670158', 'semicolonites@gmail.com', 'dgpdebayan@gmail.com', 'lady-bug-clip-art.jpg', '8/15 Derzio path city center', 'www.facebook.com', 'www.twitter.com', NULL, 'www.youtube.com');

-- --------------------------------------------------------

--
-- Table structure for table `blogs`
--

CREATE TABLE `blogs` (
  `id` int(11) NOT NULL,
  `blog_slug` varchar(500) DEFAULT NULL,
  `page_title` varchar(500) DEFAULT NULL,
  `meta_description` varchar(1000) DEFAULT NULL,
  `blog_title` varchar(500) DEFAULT NULL,
  `blog_subtitle` varchar(1000) DEFAULT NULL,
  `content` blob,
  `blog_summary` varchar(1000) DEFAULT NULL,
  `blog_image` varchar(200) DEFAULT NULL,
  `status` tinyint(1) NOT NULL DEFAULT '1',
  `added_by` varchar(50) DEFAULT NULL,
  `created_at` datetime NOT NULL DEFAULT CURRENT_TIMESTAMP
) ENGINE=InnoDB DEFAULT CHARSET=latin1;

--
-- Dumping data for table `blogs`
--

INSERT INTO `blogs` (`id`, `blog_slug`, `page_title`, `meta_description`, `blog_title`, `blog_subtitle`, `content`, `blog_summary`, `blog_image`, `status`, `added_by`, `created_at`) VALUES
(3, 'emergence-of-artificial-intelligence-in-the-financial-sector', 'Emergence of Artificial Intelligence in the financial sector', 'Emergence of Artificial Intelligence in the financial sector', 'Emergence of Artificial Intelligence in the financial sector', 'In the modern world,we really don’t automate our ‘job’ rather than hunt ways how to automate ‘Task’ by utilizing the ideas of ever-smarter machines and software.And that acquainted computer systems are evolving rapidly enough to replace humans in all sorts of roles.', 0x3c703e3c7370616e207374796c653d22636f6c6f723a207267622837382c2037332c203932293b223e417320706572207363696e7469666963616c20726573656172636865732c697420686173206265656e20696d6d65727365642074686520696e746572616374696f6e206f6620746563686e6f6c6f67792c206172746966696369616c20696e74656c6c6967656e636520616e6420747261646974696f6e616c6c792068756d616e207461736b7320666f72206e6561726c792034302079656172732e536f20726f626f747320617265207265616c6c7920636f6d696e67206f72207468657920646f6ee28099742077616e74206f7572206a6f62732065786163746c792c2062757420776f726b206173207765206b6e6f772069742077696c6c206265207472616e73666f726d6564206e6f6e657468656c6573733f4e6f20646f7562742c4172746966696369616c20496e74656c6c6967656e636520697320696d70616374696e67206f7572206c69766573206d6f726520666173746572207468616e206f75722077652063616e20696d6167696e6520616e64206974e280997320746865207265616c207363656e6172696f20696e2074686520746f646179e280997320776f726c642e4974732070726573656e74206576657279776865726520696e206f7572206461696c79206c6966652c61637469766974657320616e642077652061726520646570656e64656e74206f6e207468617420746f6f2e466f72206578616d706c653a77697468207468652068656c70206f66207369726920696e204970686f6e65206f6e652063616e206f70656e20616e792061707020616e6420706572666f726d206869732f686572207265717569726564207461736b20746f20626520706572666f726d65642e5468657265206973206e6f2064656e79696e6720746861742069742068617320616c7265616479206265636f6d652061206372756369616c20616e6420696e74656772616c2070617274206f66206f7572206c6966652ec2a03c2f7370616e3e3c2f703e3c703e3c7370616e207374796c653d22636f6c6f723a207267622837382c2037332c203932293b223e3c62723e3c2f7370616e3e3c2f703e3c703e3c7370616e207374796c653d22636f6c6f723a207267622837382c2037332c203932293b223e4865726520636f6d657320746865206c697374206f66206b6579206170706c69636174696f6e73206f66206172746966696369616c20696e74656c6c6967656e636520696e207468652042616e6b696e6720696e64757374727920746861742077696c6c207265766f6c7574696f6e697a65207468652062616b696e6720696e64757374727920696e20746865206e65787420636f75706c65206f662079656172732e54686520696d706c656d656e746174696f6e206f662063686174626f7473286175746f6d6174656420636861742073797374656d2077686963682068756d616e20636861747320776974686f757420616e792068756d616e20696e74657276656e74696f6e732920746f2066756c66696c6c20616e6420696d70726f76652074686520637573746f6d6572206578706563746174696f6e2c7265647563652074696d652c636f7374206566666563746976656e6573732e4966206164646974696f6e616c20617373697374616e6365206e6565646564207468656e20746865726520636f6d65732074686520636f6e63657074206f6620766964656f206368617420e2809320696e206265747765656e2074686520637573746f6d657220616e64206167656e742077686f2063616e2066756c66696c6c2074686569722064656d616e647320616e64206e656564732e204172746966696369616c20496e74656c6c6967656e63652028616c736f206b6e6f776e2061732041492920616e64206d616368696e65206c6561726e696e672061726520616c736f207573656420666f722062616e6b73e2809920616e616c7974696373206361706162696c697469657320746f20686967686c696768747320746865206e6f6e2d7374616e64617264206265686176696f7572207061747465726e7320616e64206672617564756c656e74207472616e73616374696f6e732c20666f722074726164696e6720616e6420666f72207269736b206d616e6167656d656e742c20736563757269747920707572706f736573206574632e20416e6f74686572206b6579206173706563747320e2809c416e74692d6d6f6e6579206c61756e646572696e67e2809d2072656665727320746f206120736574206f662070726f636564757265732c206c617773206f7220726567756c6174696f6e732064657369676e656420746f2073746f7020746865207072616374696365206f662067656e65726174696e6720696e636f6d65207468726f75676820696c6c6567616c20616374696f6e732e20546f20656c696d696e6174652074686520736f7572636573206f66206d6f6e6579207472616e73616374207468726f75676820696c6c6567616c206f7220756e6574686963616c20736f75726365732e416e6f74686572206d616a6f7220696d706c656d656e746174696f6e206f6620416c676f726974686d69632074726164696e67202c467261756420646574656374696f6e20616e64205265636f6d6d656e646174696f6e20656e67696e65732ec2a03c2f7370616e3e3c6272207374796c653d22626f782d73697a696e673a20626f726465722d626f783b20746578742d72656e646572696e673a206f7074696d697a654c65676962696c6974793b20636f6c6f723a207267622837382c2037332c203932293b223e3c2f703e3c703e3c62723e3c2f703e3c703e3c7370616e207374796c653d22636f6c6f723a207267622837382c2037332c203932293b223e41732070657220737572766572207468657265206973206120687970652061727269766573207468617420e28098e28099526f626f74732077696c6c2074616b65206f7572206a6f62e28099e28099e280946974732073686f776564207468617420323925206f662062616e6b696e672c206163636f756e74696e6720616e642066696e616e6369616c2073657276696365732070726f66657373696f6e616c73206e6576657220776f7272792061626f7574206c6f73696e67207468656972206a6f627320746f206175746f6d6174696f6e20616e6420363125206665656c20766572792073656375726520616e6420636f6e666964656e74207468656972206a6f6220616e6420696e647573747279207769746820746865206d79746820746861742069742077696c6c207374696c6c20657869737420666f722031302079656172732e20416c74686f7567682c69747320686173206265656e20737461746564206279207468652066696e616e63652070726f6666657373696f6e616c2074686174206e6f206e65656420746f20776f72726965642062792074686520726563656e7420746872656164206f66206175746f6d6174696f6e2c2035332520686176652074616b656e20636f757273657320746f206c6561726e206e657720736b696c6c7320616e6420333825206861766520617474656e64656420636f6e666572656e63657320746f20666f637573206f6e2074686569722070726f66657373696f6e616c20646576656c6f706d656e742e20486f77657665722c20323125206f662070726f66657373696f6e616c7320696e2074686520696e6475737472792068617665206e6f742074616b656e20616e79206d6561737572657320746f20696e637265617365207468656972206a6f622073656375726974792e5468657265666f72652c2070656f706c65206e65656420746f206272616365207468656d73656c76657320666f72206368616e67652c20616e6420756e6465727374616e6420686f772041492077696c6c20616c74657220746865206e6174757265206f6620746865697220776f726b696e67206c6976657320616e64206c65616420746f206e657720626f742f68756d616e20706172746e657273686970732c20616e64206772656174657220706572736f6e616c20696e746572616374696f6e20776974682041493c2f7370616e3e3c62723e3c2f703e, 'In the modern world,we really don’t automate our ‘job’ rather than hunt ways how to automate ‘Task’ by utilizing the ideas of ever-smarter machines and software.And that acquainted computer systems are evolving rapidly enough to replace humans in all sorts of roles.', '1159742ae5ab894.jpg', 1, 'admin', '2017-12-07 02:33:08'),
(4, 'upcoming-revolution-internet-of-things-iot', 'Upcoming revolution: Internet-of-Things (IoT)', 'Upcoming revolution: Internet-of-Things (IoT)', 'Upcoming revolution: Internet-of-Things (IoT)', 'You have probably hard the catchphrase, The Internet of Things (IoT), the hottest buzz which is trending comprehensively now a day, promises to transmute the way we live.It has been entitled as the next generation Industrial Revolution.', 0x3c703e3c7370616e207374796c653d22636f6c6f723a207267622837382c2037332c203932293b223e3c666f6e7420666163653d22417269616c223e546563686e6963616c6c792c20496e7465726e6574206f66207468696e67732028496f5429206973206e6f7468696e67206275742061636f6c6c61626f726174696f6e206f66706879736963616c20646576696365732c20636f6d6d65726369616c206f7220706572736f6e616c2076656869636c657320616e64206f7468657220706879736963616c6974656d732077686963682077652075736520696e206f7572206461696c79206c696665207769746820736f6674776172652070726f6772616d732c20656c656374726f6e6963732c206172746966696369616c20696e74656c6c6967656e636520616e6420636f6d7075746572206e6574776f726b732c20746f2063726561746520612073797374656d202f206170706c69636174696f6e2077686963682077696c6c207269736520746865207175616c6974796f66206f7572206c6976696e67207374616e646172642c206f7572207468696e6b696e672e54686520496f547065726d697473746865206f626a656374732f706879736963616c206465766963657320746f20626520636f6d6d756e6963617465207769746820656163682d6f746865722077697468696e20616e206578697374696e67206e6574776f726b20696e6672617374727563747572652e266e6273703b3c2f666f6e743e3c2f7370616e3e3c2f703e3c703e3c7370616e207374796c653d22636f6c6f723a207267622837382c2037332c203932293b223e3c666f6e7420666163653d22417269616c223e3c62723e3c2f666f6e743e3c2f7370616e3e3c2f703e3c703e3c7370616e207374796c653d22636f6c6f723a207267622837382c2037332c203932293b223e3c666f6e7420666163653d22417269616c223e546f646179206d696c6c696f6e73206f66206465766963657320617265206c696e6b6564207468726f75676820496e7465726e65742ee2809c5468696e6773222c20696e2074686520496f542072656665727265642061732c2076617269657479206f6620706879736963616c2064657669636573206c696b6562696f63686970207472616e73706f6e64657273666f72206661726d20686f75736520626972647320616e6420616e696d616c732c206865617274206d6f6e69746f72696e6720696d706c616e74732c206c6976652073747265616d696e672063616d65726173206f662077696c642063726561747572657320696e20636f617374616c207761746572732c6175746f6d6f62696c6573207769746820696e2d6275696c742073656e736f72732c206465766963657320666f72444e4120616e616c79736973206f722064657669636573206f66206669656c64206f7065726174696f6e20746861742068656c70732066697265666967687465727320696e20726573637565206f7065726174696f6e732e266e6273703b3c2f666f6e743e3c2f7370616e3e3c2f703e3c703e3c7370616e207374796c653d22636f6c6f723a207267622837382c2037332c203932293b223e3c666f6e7420666163653d22417269616c223e3c62723e3c2f666f6e743e3c2f7370616e3e3c2f703e3c703e3c7370616e207374796c653d22636f6c6f723a207267622837382c2037332c203932293b223e3c666f6e7420666163653d22417269616c223e436c6173736963616c6c792c20496f54206973206c696b656c7920746f206f6666657220696e6e6f76617469766520636f6e6e6563746976697479206f6620646576696365732c20736572766963657320616e642073797374656d73207468617420647269766573206265796f6e64206d616368696e652d746f2d6d616368696e6520636f6d6d756e69636174696f6e7320616e6420636f76657220612072616e6765206f6620646f6d61696e732c2070726f746f636f6c7320616e64206170706c69636174696f6e732e266e6273703b3c2f666f6e743e3c2f7370616e3e3c2f703e3c703e3c7370616e207374796c653d22636f6c6f723a207267622837382c2037332c203932293b223e3c666f6e7420666163653d22417269616c223e3c62723e3c2f666f6e743e3c2f7370616e3e3c2f703e3c703e3c7370616e207374796c653d22636f6c6f723a207267622837382c2037332c203932293b223e3c666f6e7420666163653d22417269616c223e427573696e65737320496e74656c6c6967656e63652c20427573696e65737320496e73696465722773207072656d69756d2070726f6772616d2c20666f7265636173742074686174206279207468652079656172206f6620323032302074686520636f756e74206f6620496f5420646576696365732077696c6c206265206d6f7265207468616e2033342062696c6c696f6e206f6e2045617274682e2054686174277320726f7567686c792061626f757420666f75722064657669636573207065722068756d616e206265696e67206f6e207468652045617274682e417070726f78696d6174656c792036207472696c6c696f6e20646f6c6c6172732077696c6c20626520646973627572736564206f6e20496f54207265736f6c7574696f6e73206f766572206e65787420666976652079656172732e476f7665726e6d656e74732061726520636f6e63656e747261746564206f6e2067726f77696e67207468652070726f6475637469766974792c207265647563696e672074686520636f7374732c20616e6420696d70726f76696e6720746865697220636976696c69616e73e2809920656d696e656e6365206f66206c6966652e266e6273703b3c2f666f6e743e3c2f7370616e3e3c2f703e3c703e3c7370616e207374796c653d22636f6c6f723a207267622837382c2037332c203932293b223e3c666f6e7420666163653d22417269616c223e3c62723e3c2f666f6e743e3c2f7370616e3e3c2f703e3c703e3c666f6e7420666163653d22417269616c223e3c7370616e207374796c653d22636f6c6f723a207267622837382c2037332c203932293b223e546865726520617265206d61696e6c79207468726565206b65792067726f75707320746861742077696c6c2074616b65207468652062656e6566697420496f542065636f73797374656d732e2054686f73652061726520676f7665726e6d656e74732c20636f6e73756d6572732c20616e6420627573696e65737365732e20546865736520696e636c75646520666f6c6c6f77696e6720696e64757374726965732e266e6273703b3c2f7370616e3e3c6272207374796c653d22626f782d73697a696e673a20626f726465722d626f783b20746578742d72656e646572696e673a206f7074696d697a654c65676962696c6974793b20636f6c6f723a207267622837382c2037332c203932293b223e3c2f666f6e743e3c2f703e3c703e3c666f6e7420666163653d22417269616c223e3c62723e3c2f666f6e743e3c2f703e3c756c207374796c653d22626f782d73697a696e673a20626f726465722d626f783b20746578742d72656e646572696e673a206f7074696d697a654c65676962696c6974793b206d617267696e3a203235707820307078203235707820313570783b2070616464696e673a20307078203070782030707820323870783b20626f726465723a203070783b20666f6e742d76617269616e742d6e756d657269633a20696e68657269743b20666f6e742d76617269616e742d656173742d617369616e3a20696e68657269743b20666f6e742d737472657463683a20696e68657269743b20666f6e742d73697a653a20313470783b206c696e652d6865696768743a20323470783b20766572746963616c2d616c69676e3a20626173656c696e653b206c6973742d7374796c652d706f736974696f6e3a20696e697469616c3b206c6973742d7374796c652d696d6167653a20696e697469616c3b20636f6c6f723a20726762283133362c203133392c20313431293b206c65747465722d73706163696e673a203170783b223e3c6c69207374796c653d22626f782d73697a696e673a20626f726465722d626f783b20746578742d72656e646572696e673a206f7074696d697a654c65676962696c6974793b206d617267696e3a203070783b2070616464696e673a203070783b20626f726465723a203070783b20666f6e742d7374796c653a20696e68657269743b20666f6e742d76617269616e743a20696e68657269743b20666f6e742d737472657463683a20696e68657269743b206c696e652d6865696768743a20323270783b20766572746963616c2d616c69676e3a20626173656c696e653b20636f6c6f723a207267622835382c2035382c203630293b206c6973742d7374796c653a206e6f6e653b223e3c666f6e7420666163653d22417269616c223e4d616e75666163747572696e6720636f6d70616e6965733c2f666f6e743e3c2f6c693e3c6c69207374796c653d22626f782d73697a696e673a20626f726465722d626f783b20746578742d72656e646572696e673a206f7074696d697a654c65676962696c6974793b206d617267696e3a203070783b2070616464696e673a203070783b20626f726465723a203070783b20666f6e742d7374796c653a20696e68657269743b20666f6e742d76617269616e743a20696e68657269743b20666f6e742d737472657463683a20696e68657269743b206c696e652d6865696768743a20323270783b20766572746963616c2d616c69676e3a20626173656c696e653b20636f6c6f723a207267622835382c2035382c203630293b206c6973742d7374796c653a206e6f6e653b223e3c666f6e7420666163653d22417269616c223e4f696c2c2047617320616e64204d696e696e672e3c2f666f6e743e3c2f6c693e3c6c69207374796c653d22626f782d73697a696e673a20626f726465722d626f783b20746578742d72656e646572696e673a206f7074696d697a654c65676962696c6974793b206d617267696e3a203070783b2070616464696e673a203070783b20626f726465723a203070783b20666f6e742d7374796c653a20696e68657269743b20666f6e742d76617269616e743a20696e68657269743b20666f6e742d737472657463683a20696e68657269743b206c696e652d6865696768743a20323270783b20766572746963616c2d616c69676e3a20626173656c696e653b20636f6c6f723a207267622835382c2035382c203630293b206c6973742d7374796c653a206e6f6e653b223e3c666f6e7420666163653d22417269616c223e5574696c69746965733c2f666f6e743e3c2f6c693e3c6c69207374796c653d22626f782d73697a696e673a20626f726465722d626f783b20746578742d72656e646572696e673a206f7074696d697a654c65676962696c6974793b206d617267696e3a203070783b2070616464696e673a203070783b20626f726465723a203070783b20666f6e742d7374796c653a20696e68657269743b20666f6e742d76617269616e743a20696e68657269743b20666f6e742d737472657463683a20696e68657269743b206c696e652d6865696768743a20323270783b20766572746963616c2d616c69676e3a20626173656c696e653b20636f6c6f723a207267622835382c2035382c203630293b206c6973742d7374796c653a206e6f6e653b223e3c666f6e7420666163653d22417269616c223e4c6f676973746963733c2f666f6e743e3c2f6c693e3c6c69207374796c653d22626f782d73697a696e673a20626f726465722d626f783b20746578742d72656e646572696e673a206f7074696d697a654c65676962696c6974793b206d617267696e3a203070783b2070616464696e673a203070783b20626f726465723a203070783b20666f6e742d7374796c653a20696e68657269743b20666f6e742d76617269616e743a20696e68657269743b20666f6e742d737472657463683a20696e68657269743b206c696e652d6865696768743a20323270783b20766572746963616c2d616c69676e3a20626173656c696e653b20636f6c6f723a207267622835382c2035382c203630293b206c6973742d7374796c653a206e6f6e653b223e3c666f6e7420666163653d22417269616c223e42616e6b733c2f666f6e743e3c2f6c693e3c6c69207374796c653d22626f782d73697a696e673a20626f726465722d626f783b20746578742d72656e646572696e673a206f7074696d697a654c65676962696c6974793b206d617267696e3a203070783b2070616464696e673a203070783b20626f726465723a203070783b20666f6e742d7374796c653a20696e68657269743b20666f6e742d76617269616e743a20696e68657269743b20666f6e742d737472657463683a20696e68657269743b206c696e652d6865696768743a20323270783b20766572746963616c2d616c69676e3a20626173656c696e653b20636f6c6f723a207267622835382c2035382c203630293b206c6973742d7374796c653a206e6f6e653b223e3c666f6e7420666163653d22417269616c223e446566656e73653c2f666f6e743e3c2f6c693e3c6c69207374796c653d22626f782d73697a696e673a20626f726465722d626f783b20746578742d72656e646572696e673a206f7074696d697a654c65676962696c6974793b206d617267696e3a203070783b2070616464696e673a203070783b20626f726465723a203070783b20666f6e742d7374796c653a20696e68657269743b20666f6e742d76617269616e743a20696e68657269743b20666f6e742d737472657463683a20696e68657269743b206c696e652d6865696768743a20323270783b20766572746963616c2d616c69676e3a20626173656c696e653b20636f6c6f723a207267622835382c2035382c203630293b206c6973742d7374796c653a206e6f6e653b223e3c666f6e7420666163653d22417269616c223e52657461696c3c2f666f6e743e3c2f6c693e3c6c69207374796c653d22626f782d73697a696e673a20626f726465722d626f783b20746578742d72656e646572696e673a206f7074696d697a654c65676962696c6974793b206d617267696e3a203070783b2070616464696e673a203070783b20626f726465723a203070783b20666f6e742d7374796c653a20696e68657269743b20666f6e742d76617269616e743a20696e68657269743b20666f6e742d737472657463683a20696e68657269743b206c696e652d6865696768743a20323270783b20766572746963616c2d616c69676e3a20626173656c696e653b20636f6c6f723a207267622835382c2035382c203630293b206c6973742d7374796c653a206e6f6e653b223e3c666f6e7420666163653d22417269616c223e496e737572616e636520636f6d70616e6965733c2f666f6e743e3c2f6c693e3c6c69207374796c653d22626f782d73697a696e673a20626f726465722d626f783b20746578742d72656e646572696e673a206f7074696d697a654c65676962696c6974793b206d617267696e3a203070783b2070616464696e673a203070783b20626f726465723a203070783b20666f6e742d7374796c653a20696e68657269743b20666f6e742d76617269616e743a20696e68657269743b20666f6e742d737472657463683a20696e68657269743b206c696e652d6865696768743a20323270783b20766572746963616c2d616c69676e3a20626173656c696e653b20636f6c6f723a207267622835382c2035382c203630293b206c6973742d7374796c653a206e6f6e653b223e3c666f6e7420666163653d22417269616c223e4865616c7468636172653c2f666f6e743e3c2f6c693e3c6c69207374796c653d22626f782d73697a696e673a20626f726465722d626f783b20746578742d72656e646572696e673a206f7074696d697a654c65676962696c6974793b206d617267696e3a203070783b2070616464696e673a203070783b20626f726465723a203070783b20666f6e742d7374796c653a20696e68657269743b20666f6e742d76617269616e743a20696e68657269743b20666f6e742d737472657463683a20696e68657269743b206c696e652d6865696768743a20323270783b20766572746963616c2d616c69676e3a20626173656c696e653b20636f6c6f723a207267622835382c2035382c203630293b206c6973742d7374796c653a206e6f6e653b223e3c666f6e7420666163653d22417269616c223e5472616e73706f72746174696f6e3c2f666f6e743e3c2f6c693e3c6c69207374796c653d22626f782d73697a696e673a20626f726465722d626f783b20746578742d72656e646572696e673a206f7074696d697a654c65676962696c6974793b206d617267696e3a203070783b2070616464696e673a203070783b20626f726465723a203070783b20666f6e742d7374796c653a20696e68657269743b20666f6e742d76617269616e743a20696e68657269743b20666f6e742d737472657463683a20696e68657269743b206c696e652d6865696768743a20323270783b20766572746963616c2d616c69676e3a20626173656c696e653b20636f6c6f723a207267622835382c2035382c203630293b206c6973742d7374796c653a206e6f6e653b223e3c666f6e7420666163653d22417269616c223e466f6f6420536572766963653c2f666f6e743e3c2f6c693e3c6c69207374796c653d22626f782d73697a696e673a20626f726465722d626f783b20746578742d72656e646572696e673a206f7074696d697a654c65676962696c6974793b206d617267696e3a203070783b2070616464696e673a203070783b20626f726465723a203070783b20666f6e742d7374796c653a20696e68657269743b20666f6e742d76617269616e743a20696e68657269743b20666f6e742d737472657463683a20696e68657269743b206c696e652d6865696768743a20323270783b20766572746963616c2d616c69676e3a20626173656c696e653b20636f6c6f723a207267622835382c2035382c203630293b206c6973742d7374796c653a206e6f6e653b223e3c666f6e7420666163653d22417269616c223e4167726963756c747572653c2f666f6e743e3c2f6c693e3c6c69207374796c653d22626f782d73697a696e673a20626f726465722d626f783b20746578742d72656e646572696e673a206f7074696d697a654c65676962696c6974793b206d617267696e3a203070783b2070616464696e673a203070783b20626f726465723a203070783b20666f6e742d7374796c653a20696e68657269743b20666f6e742d76617269616e743a20696e68657269743b20666f6e742d737472657463683a20696e68657269743b206c696e652d6865696768743a20323270783b20766572746963616c2d616c69676e3a20626173656c696e653b20636f6c6f723a207267622835382c2035382c203630293b206c6973742d7374796c653a206e6f6e653b223e3c666f6e7420666163653d22417269616c223e5265616c204573746174653c2f666f6e743e3c2f6c693e3c2f756c3e3c703e3c666f6e7420666163653d22417269616c223e3c7370616e207374796c653d22636f6c6f723a207267622837382c2037332c203932293b223e3c62723e3c2f7370616e3e3c7370616e207374796c653d22636f6c6f723a207267622837382c2037332c203932293b223e3c62723e3c2f7370616e3e3c7370616e207374796c653d22636f6c6f723a207267622837382c2037332c203932293b223e3c62723e3c2f7370616e3e3c2f666f6e743e3c62723e3c2f703e, 'Technically, Internet of things (IoT) is nothing but acollaboration ofphysical devices, commercial or personal vehicles and other physicalitems which we use in our daily life with software programs, electronics, artificial intelligence and computer networks, to create a system / application which will rise the qualityof our living standard, our thinking.The IoTpermitsthe objects/physical devices to be communicate with each-other within an existing network infrastructure. ', 'iots.jpg', 1, 'admin', '2018-01-29 02:37:21'),
(5, 'lorem-ipsum-is-simply-dummy-text-of-the-printing-and-typesetting-industry-lorem-ipsum-has-been-the-i', 'test', 'Lorem Ipsum is simply dummy text of the printing and typesetting industry. Lorem Ipsum has been the i', 'Lorem Ipsum is simply dummy text of the printing and typesetting industry. Lorem Ipsum has been the i', 'Lorem Ipsum is simply dummy text of the printing and typesetting industry. Lorem Ipsum has been the i', 0x3c70207374796c653d22626f782d73697a696e673a20626f726465722d626f783b206d617267696e2d72696768743a203070783b206d617267696e2d6c6566743a203070783b20636f6c6f723a207267622835312c2035312c203531293b20666f6e742d66616d696c793a202671756f743b48656c766574696361204e6575652671756f743b2c2048656c7665746963612c20417269616c2c2073616e732d73657269663b20666f6e742d73697a653a20313470783b223e4c6f72656d20497073756d2069732073696d706c792064756d6d792074657874206f6620746865207072696e74696e6720616e64207479706573657474696e6720696e6475737472792e204c6f72656d20497073756d20686173206265656e2074686520696e6475737472792773207374616e646172642064756d6d79207465787420657665722073696e6365207468652031353030732c207768656e20616e20756e6b6e6f776e207072696e74657220746f6f6b20612067616c6c6579206f66207479706520616e6420736372616d626c656420697420746f206d616b65206120747970652073706563696d656e20626f6f6b2e20497420686173207375727669766564206e6f74206f6e6c7920666976652063656e7475726965732c2062757420616c736f20746865206c65617020696e746f20656c656374726f6e6963207479706573657474696e672c2072656d61696e696e6720657373656e7469616c6c7920756e6368616e6765642e2049742077617320706f70756c61726973656420696e207468652031393630732077697468207468652072656c65617365206f66204c657472617365742073686565747320636f6e7461696e696e67204c6f72656d20497073756d2070617373616765732c20616e64206d6f726520726563656e746c792077697468206465736b746f70207075626c697368696e6720736f667477617265206c696b6520416c64757320506167654d616b657220696e636c7564696e672076657273696f6e73206f66204c6f72656d20497073756d2e3c2f703e3c70207374796c653d22626f782d73697a696e673a20626f726465722d626f783b206d617267696e2d72696768743a203070783b206d617267696e2d6c6566743a203070783b20636f6c6f723a207267622835312c2035312c203531293b20666f6e742d66616d696c793a202671756f743b48656c766574696361204e6575652671756f743b2c2048656c7665746963612c20417269616c2c2073616e732d73657269663b20666f6e742d73697a653a20313470783b223e4c6f72656d20497073756d2069732073696d706c792064756d6d792074657874206f6620746865207072696e74696e6720616e64207479706573657474696e6720696e6475737472792e204c6f72656d20497073756d20686173206265656e2074686520696e6475737472792773207374616e646172642064756d6d79207465787420657665722073696e6365207468652031353030732c207768656e20616e20756e6b6e6f776e207072696e74657220746f6f6b20612067616c6c6579206f66207479706520616e6420736372616d626c656420697420746f206d616b65206120747970652073706563696d656e20626f6f6b2e20497420686173207375727669766564206e6f74206f6e6c7920666976652063656e7475726965732c2062757420616c736f20746865206c65617020696e746f20656c656374726f6e6963207479706573657474696e672c2072656d61696e696e6720657373656e7469616c6c7920756e6368616e6765642e2049742077617320706f70756c61726973656420696e207468652031393630732077697468207468652072656c65617365206f66204c657472617365742073686565747320636f6e7461696e696e67204c6f72656d20497073756d2070617373616765732c20616e64206d6f726520726563656e746c792077697468206465736b746f70207075626c697368696e6720736f667477617265206c696b6520416c64757320506167654d616b657220696e636c7564696e672076657273696f6e73206f66204c6f72656d20497073756d2e3c2f703e3c6832207374796c653d22626f782d73697a696e673a20626f726465722d626f783b20666f6e742d66616d696c793a202671756f743b48656c766574696361204e6575652671756f743b2c2048656c7665746963612c20417269616c2c2073616e732d73657269663b206c696e652d6865696768743a20312e313b20636f6c6f723a207267622835312c2035312c203531293b206d617267696e2d746f703a20323070783b206d617267696e2d626f74746f6d3a20313070783b20666f6e742d73697a653a20333070783b223e497420697320736f20656173793c2f68323e3c70207374796c653d22626f782d73697a696e673a20626f726465722d626f783b206d617267696e2d72696768743a203070783b206d617267696e2d626f74746f6d3a20313070783b206d617267696e2d6c6566743a203070783b20636f6c6f723a207267622835312c2035312c203531293b20666f6e742d66616d696c793a202671756f743b48656c766574696361204e6575652671756f743b2c2048656c7665746963612c20417269616c2c2073616e732d73657269663b20666f6e742d73697a653a20313470783b223e4c6f72656d20497073756d2069732073696d706c792064756d6d792074657874206f6620746865207072696e74696e6720616e64207479706573657474696e6720696e6475737472792e204c6f72656d20497073756d20686173206265656e2074686520696e6475737472792773207374616e646172642064756d6d79207465787420657665722073696e6365207468652031353030732c207768656e20616e20756e6b6e6f776e207072696e74657220746f6f6b20612067616c6c6579206f66207479706520616e6420736372616d626c656420697420746f206d616b65206120747970652073706563696d656e20626f6f6b2e20497420686173207375727669766564206e6f74206f6e6c7920666976652063656e7475726965732c2062757420616c736f20746865206c65617020696e746f20656c656374726f6e6963207479706573657474696e672c2072656d61696e696e6720657373656e7469616c6c7920756e6368616e6765642e2049742077617320706f70756c61726973656420696e207468652031393630732077697468207468652072656c65617365206f66204c657472617365742073686565747320636f6e7461696e696e67204c6f72656d20497073756d2070617373616765732c20616e64206d6f726520726563656e746c792077697468206465736b746f70207075626c697368696e6720736f667477617265206c696b6520416c64757320506167654d616b657220696e636c7564696e672076657273696f6e73206f66204c6f72656d20497073756d2e3c2f703e, 'Lorem Ipsum is simply dummy text of the printing and typesetting industry. Lorem Ipsum has been the iLorem Ipsum is simply dummy text of the printing and typesetting industry. Lorem Ipsum has been the iLorem Ipsum is simply dummy text of the printing and typesetting industry. Lorem Ipsum has been the iLorem Ipsum is simply dummy text of the printing and typesetting industry. Lorem Ipsum has been the i', 'the-5-best-web-design-schools-in-the-philippines-2.jpg', 1, 'admin', '2018-03-13 07:06:29');

-- --------------------------------------------------------

--
-- Table structure for table `career_leads`
--

CREATE TABLE `career_leads` (
  `id` int(11) NOT NULL,
  `uname` varchar(200) NOT NULL,
  `applied_for` varchar(100) DEFAULT NULL,
  `email` varchar(200) NOT NULL,
  `phone` varchar(20) NOT NULL,
  `address` varchar(2000) NOT NULL,
  `city` varchar(200) NOT NULL,
  `educational_qualification` varchar(100) NOT NULL,
  `experience` varchar(50) NOT NULL,
  `skills` varchar(2000) NOT NULL,
  `cv_url` varchar(200) NOT NULL,
  `sent_at` timestamp NOT NULL DEFAULT CURRENT_TIMESTAMP
) ENGINE=InnoDB DEFAULT CHARSET=latin1;

--
-- Dumping data for table `career_leads`
--

INSERT INTO `career_leads` (`id`, `uname`, `applied_for`, `email`, `phone`, `address`, `city`, `educational_qualification`, `experience`, `skills`, `cv_url`, `sent_at`) VALUES
(1, 'dfsdf', 'Php Developer', 'sdfsdfsd@fdsdf.dsf', '', 'dsfsdfsdfsd', 'sdfsdfdsfsd', 'dfsdfsdfsd', '0-6 months', 'dsfsdfsdf', 'meeting_resolution.doc', '2018-01-25 04:57:29'),
(2, 'fdsfsdfsdf', 'Php Developer', 'gdfdsgdfgd@sdfsf.sadas', '', 'dsfsdf sdf sdfsdf', 'sdfsd fdsf sdf', 'dsfsdfsdf', '2 year', 'dfsd fsd fsd f', 'meeting_resolution.doc', '2018-01-25 05:07:04'),
(3, 'Debayan ', 'Php Developer', 'dgpdebayan@gmail.com', '', 'sadasd asd asd as', 'Durgapur', 'HS', '0-6 months', 'fdsfsdfsdfsdf', 'meeting_resolution.doc', '2018-01-25 05:10:14'),
(4, 'Raj', 'Php Developer', 'raj@gmail.com', '', 'dfsdfsdf sdf sd', 'Durgapur', 'dsfsdfsdfsd', '0-6 months', 'fsadfsdfsdfsd', 'meeting_resolution.doc', '2018-01-25 05:12:35'),
(5, 'Ashis Khan', 'Tele Caller', 'khan.asis@gmail.com', '', '34A/9 haji pur, amtola katua', 'Katua', 'BA Graduate', '1 year', 'Good English, Communication skills, energetice.', 'invoice_John_Morrison_-_2nd_installment.docx', '2018-01-28 00:54:13');

-- --------------------------------------------------------

--
-- Table structure for table `contacts`
--

CREATE TABLE `contacts` (
  `id` int(11) NOT NULL,
  `custname` varchar(100) DEFAULT NULL,
  `email` varchar(100) DEFAULT NULL,
  `phone` varchar(15) DEFAULT NULL,
  `subject` varchar(1000) DEFAULT NULL,
  `message` text,
  `sent_at` timestamp NOT NULL DEFAULT CURRENT_TIMESTAMP
) ENGINE=InnoDB DEFAULT CHARSET=latin1;

--
-- Dumping data for table `contacts`
--

INSERT INTO `contacts` (`id`, `custname`, `email`, `phone`, `subject`, `message`, `sent_at`) VALUES
(1, 'Debayan Sen', 'debayan.freelance@gmail.com', '8001670158', 'sdasda', 'dadsada', '2017-10-05 22:24:13'),
(2, 'Debayan Sen', 'debayan.freelance@gmail.com', '8001670158', 'sdasda', 'dadsada', '2017-10-05 22:24:26'),
(3, 'Debayan Sen', 'debayan.freelance@gmail.com', '8001670158', 'Test ', 'sdadsad', '2017-10-05 22:24:43'),
(4, 'Debayan Sen', 'debayan.freelance@gmail.com', '8001670158', 'Test ', 'sdadsad', '2017-10-05 22:24:51'),
(5, 'Debayan Sen', 'debayan.freelance@gmail.com', '8001670158', 'Test ', 'test', '2017-10-05 22:26:18'),
(6, 'Debayan Sen', 'debayan.freelance@gmail.com', '8001670158', 'Test ', 'jkkjhk', '2017-10-06 06:36:44'),
(7, 'gfgf', 'gfgf', 'dfdfdf', 'dfdfd', 'dfdfd', '2017-10-09 05:49:22'),
(8, 'Pan Vera', 'compassionatepan@gmail.com', '8023565358', 'Design services needed', 'I own a training company and I am re-branding my services. I need a logo, identity banned  style deck (don\'t styles, color scheme...) \r\n\r\nCan you help?\r\n\r\nWarmly,\r\nPan', '2017-10-29 16:02:08'),
(9, 'Pan Vera', 'compassionatepan@gmail.com', '8023565358', 'Design services needed', 'I own a training company and I am re-branding my services. I need a logo, identity banned  style deck (don\'t styles, color scheme...) \n\nCan you help?\n\nWarmly,\nPan', '2017-10-29 16:02:08'),
(10, 'hjhj', '78huh^^^^^ccd', '787878jhjh87877', 'vfvfvvf', 'dvdhjhj', '2017-11-04 12:29:16'),
(11, 'abc', 'swt.ria77@gmail.com', '12345678', 'test', 'test', '2017-11-04 12:58:58'),
(12, 'Sudipta Paul', 'sudipta@gmail.com', '9046049101', 'Please read main body of message', 'vai site ta akhno beche ache? site er next version er smy ki amader company er name ki abr change hoe jabe?', '2017-11-09 10:48:31'),
(13, 'Dr. Matthew McCary', 'matt.mccary@gmail.com', '7087044648', 'Personal website ', 'Hi Dave Paul, \n\nMy name is Dr. Matthew A. McCary; I am a research fellow at the University of Wisconsin-Madison, and I\'m looking for assistance in creating a personal website that will help communicate my research to the general public. I am representing myself, and so I have a meager budget. Nonetheless, I am looking for a website that is simple, professional, and easy to navigate. I won\'t need any special graphics or animations; simply content that details my research (which I will provide) and a layout that is visually pleasing. The expected audience will be other researchers, potential employers, and people that find themselves interested in my research. \n\nI currently don\'t have any web design experience but it is important for my career to have a personal website. SemicolonITES has fantastic reviews and so I figured I\'ll reach out regarding my needs. Feel free to contact me on my cell at 708-704-4648, or email me at matt.mccary@gmail.com. Thank you for your time and attention!\n\nSincerely,\nMatt', '2018-01-04 17:06:36'),
(14, 'James', 'jameducation@outlook.com', '12345 678901', 'Website Error', 'Hi,\nAt the bottom of your main website pages there it sais (c) 2017. Just a reminder to update it to (c) 2018. Thanks,\nJames\nBe sure to visit my sites - links are at jamesh.online', '2018-01-05 16:35:51'),
(15, 'Debayan', 'dgpdebayan@gmail,com', '8001670158', 'Web Development', 'Test', '2018-01-11 01:55:51'),
(16, 'asdasda', 'asdsadsa@dsfds.df', '3432432', '234234324', '32432432423', '2018-03-20 03:41:33'),
(17, 'sadsad', 'somnath356@gmail.com', '8001670158', 'dsfdsfdsfsd', 'dsfdsfsf', '2018-03-20 03:46:24');

-- --------------------------------------------------------

--
-- Table structure for table `leads`
--

CREATE TABLE `leads` (
  `id` int(100) NOT NULL,
  `date` date NOT NULL,
  `lead_url` varchar(255) NOT NULL
) ENGINE=InnoDB DEFAULT CHARSET=latin1;

--
-- Dumping data for table `leads`
--

INSERT INTO `leads` (`id`, `date`, `lead_url`) VALUES
(1, '2018-03-15', 'www.google.com'),
(4, '2018-03-23', 'test'),
(5, '2018-03-13', 'http://yahoo.com'),
(6, '2018-03-14', 'http://yahoo.com');

-- --------------------------------------------------------

--
-- Table structure for table `orders`
--

CREATE TABLE `orders` (
  `order_id` int(11) NOT NULL,
  `order_title` varchar(200) DEFAULT NULL,
  `product_id` varchar(20) DEFAULT NULL,
  `payment_id` varchar(100) DEFAULT NULL,
  `purchase_amt` varchar(200) DEFAULT NULL,
  `cust_id` varchar(20) DEFAULT NULL,
  `order_expiry` date DEFAULT NULL,
  `created_at` timestamp NOT NULL DEFAULT CURRENT_TIMESTAMP,
  `payment_status` varchar(20) NOT NULL
) ENGINE=InnoDB DEFAULT CHARSET=latin1;

--
-- Dumping data for table `orders`
--

INSERT INTO `orders` (`order_id`, `order_title`, `product_id`, `payment_id`, `purchase_amt`, `cust_id`, `order_expiry`, `created_at`, `payment_status`) VALUES
(1, '1 month Who is Data', '2', 'MOJO8206005A58991358', '1410.68', '3', NULL, '2018-02-06 00:48:44', 'Credit'),
(2, '7 days whois data', '1', 'MOJO8206005A58993278', '403.19', '4', NULL, '2018-02-06 13:16:52', 'Credit'),
(3, '1-month whois', NULL, 'MOJO8304005A11135233', '980.02', '5', NULL, '2018-03-04 11:30:57', 'Credit'),
(4, '1 month Who is Data', '2', 'MOJO8313005A42886090', '1410.68', '6', NULL, '2018-03-13 03:04:46', 'Credit'),
(5, '1 month Who is Data', '2', 'MOJO8314005A71293291', '1410.68', '7', NULL, '2018-03-14 09:28:02', 'Credit'),
(6, '6 month who is data', '3', 'MOJO8314005A71293315', '4032.89', '8', NULL, '2018-03-14 09:33:44', 'Credit'),
(7, '7 days whois data', '1', 'MOJO8314005A71293328', '403.19', '9', NULL, '2018-03-14 09:44:04', 'Credit'),
(8, '7 days whois data', '1', 'MOJO8314005A71293328', '403.19', '10', NULL, '2018-03-14 09:44:04', 'Credit'),
(9, '7 days whois data', '1', 'MOJO8314005A71293328', '403.19', '11', NULL, '2018-03-14 09:44:04', 'Credit'),
(10, '7 days whois data', '1', 'MOJO8314005A71293328', '403.19', '12', NULL, '2018-03-14 09:44:04', 'Credit'),
(11, '7 days whois data', '1', 'MOJO8314005A71293328', '403.19', '13', NULL, '2018-03-14 09:44:04', 'Credit'),
(12, '7 days whois data', '1', 'MOJO8314005A71293435', '403.19', '14', NULL, '2018-03-14 10:13:06', 'Credit');

-- --------------------------------------------------------

--
-- Table structure for table `portfolio`
--

CREATE TABLE `portfolio` (
  `id` int(11) NOT NULL,
  `portfolio_slug` varchar(500) DEFAULT NULL,
  `portfolio_title` varchar(500) DEFAULT NULL,
  `portfolio_image` varchar(1000) DEFAULT NULL,
  `client` varchar(500) DEFAULT NULL,
  `category` varchar(1000) DEFAULT NULL,
  `url` varchar(500) DEFAULT NULL,
  `status` tinyint(1) NOT NULL DEFAULT '1'
) ENGINE=InnoDB DEFAULT CHARSET=latin1;

--
-- Dumping data for table `portfolio`
--

INSERT INTO `portfolio` (`id`, `portfolio_slug`, `portfolio_title`, `portfolio_image`, `client`, `category`, `url`, `status`) VALUES
(1, 'md-dermatics', 'MD Dermatics', 'mddermatics_com.png', 'Not Available', 'Health', 'https://www.mddermatics.com/', 1),
(2, 'logo-designing', 'Logo Designing', 'set3.jpg', 'Not Available', 'Logo', '', 1),
(3, 'von-ronen', 'Von Ronen', 'vonronen_com.png', 'Not Available', 'Ecommerce', 'http://vonronen.com/', 1),
(4, 'coffs-coast-water-cartage', 'Coffs Coast water cartage', 'coffscoastwatercartage_com.png', 'Not Available', 'Business', 'http://coffscoastwatercartage.com/', 1),
(5, 'welding-mart', 'Welding Mart', 'www_weldingmart_com.png', 'Not Available', 'Ecommerce', 'https://weldingmart.com/', 1),
(6, 'vsa-designs', 'VSA Designs', 'vsadesigns_com.png', 'Not Available', 'Ecommerce', 'https://vsadesigns.com/', 1),
(7, 'logo-for-branding', 'Logo for Branding', 'set_1.jpg', 'Not Available', 'Logo', '', 1),
(8, 'brain-injury-counsel', 'Brain Injury Counsel', 'www_braininjurycounsel_com.png', 'Not Available', 'Blog', 'http://www.braininjurycounsel.com/', 1);

-- --------------------------------------------------------

--
-- Table structure for table `product`
--

CREATE TABLE `product` (
  `id` int(11) NOT NULL,
  `product_id` varchar(20) DEFAULT NULL,
  `product_title` varchar(25) DEFAULT NULL,
  `price_inr` varchar(10) DEFAULT NULL,
  `duration` int(11) DEFAULT NULL,
  `summary` varchar(200) NOT NULL,
  `price_usd` int(11) DEFAULT NULL
) ENGINE=InnoDB DEFAULT CHARSET=latin1;

--
-- Dumping data for table `product`
--

INSERT INTO `product` (`id`, `product_id`, `product_title`, `price_inr`, `duration`, `summary`, `price_usd`) VALUES
(1, NULL, '7 days whois data', '15', 7, 'Pellentesque consequat viverra.', 10),
(2, NULL, '1 month Who is Data', '1399', 31, 'Pellentesque consequat viverra.', 30),
(3, NULL, '6 month who is data', '3999', 180, 'Pellentesque consequat viverra.', 99);

-- --------------------------------------------------------

--
-- Table structure for table `users`
--

CREATE TABLE `users` (
  `id` int(11) NOT NULL,
  `customer_name` varchar(200) DEFAULT NULL,
  `cust_plan` varchar(255) NOT NULL,
  `phone` varchar(20) DEFAULT NULL,
  `email` varchar(200) DEFAULT NULL,
  `created_at` timestamp NOT NULL DEFAULT CURRENT_TIMESTAMP,
  `password` varchar(200) DEFAULT NULL,
  `status` tinyint(4) NOT NULL DEFAULT '0'
) ENGINE=InnoDB DEFAULT CHARSET=latin1;

--
-- Indexes for dumped tables
--

--
-- Indexes for table `admin_details`
--
ALTER TABLE `admin_details`
  ADD PRIMARY KEY (`admin_id`);

--
-- Indexes for table `admin_meta_data`
--
ALTER TABLE `admin_meta_data`
  ADD PRIMARY KEY (`id`);

--
-- Indexes for table `blogs`
--
ALTER TABLE `blogs`
  ADD PRIMARY KEY (`id`);

--
-- Indexes for table `career_leads`
--
ALTER TABLE `career_leads`
  ADD PRIMARY KEY (`id`);

--
-- Indexes for table `contacts`
--
ALTER TABLE `contacts`
  ADD PRIMARY KEY (`id`);

--
-- Indexes for table `leads`
--
ALTER TABLE `leads`
  ADD PRIMARY KEY (`id`);

--
-- Indexes for table `orders`
--
ALTER TABLE `orders`
  ADD PRIMARY KEY (`order_id`);

--
-- Indexes for table `portfolio`
--
ALTER TABLE `portfolio`
  ADD PRIMARY KEY (`id`);

--
-- Indexes for table `product`
--
ALTER TABLE `product`
  ADD PRIMARY KEY (`id`);

--
-- Indexes for table `users`
--
ALTER TABLE `users`
  ADD PRIMARY KEY (`id`);

--
-- AUTO_INCREMENT for dumped tables
--

--
-- AUTO_INCREMENT for table `admin_details`
--
ALTER TABLE `admin_details`
  MODIFY `admin_id` int(11) NOT NULL AUTO_INCREMENT, AUTO_INCREMENT=2;
--
-- AUTO_INCREMENT for table `admin_meta_data`
--
ALTER TABLE `admin_meta_data`
  MODIFY `id` int(11) NOT NULL AUTO_INCREMENT, AUTO_INCREMENT=3;
--
-- AUTO_INCREMENT for table `blogs`
--
ALTER TABLE `blogs`
  MODIFY `id` int(11) NOT NULL AUTO_INCREMENT, AUTO_INCREMENT=6;
--
-- AUTO_INCREMENT for table `career_leads`
--
ALTER TABLE `career_leads`
  MODIFY `id` int(11) NOT NULL AUTO_INCREMENT, AUTO_INCREMENT=6;
--
-- AUTO_INCREMENT for table `contacts`
--
ALTER TABLE `contacts`
  MODIFY `id` int(11) NOT NULL AUTO_INCREMENT, AUTO_INCREMENT=18;
--
-- AUTO_INCREMENT for table `leads`
--
ALTER TABLE `leads`
  MODIFY `id` int(100) NOT NULL AUTO_INCREMENT, AUTO_INCREMENT=7;
--
-- AUTO_INCREMENT for table `orders`
--
ALTER TABLE `orders`
  MODIFY `order_id` int(11) NOT NULL AUTO_INCREMENT, AUTO_INCREMENT=13;
--
-- AUTO_INCREMENT for table `portfolio`
--
ALTER TABLE `portfolio`
  MODIFY `id` int(11) NOT NULL AUTO_INCREMENT, AUTO_INCREMENT=9;
--
-- AUTO_INCREMENT for table `product`
--
ALTER TABLE `product`
  MODIFY `id` int(11) NOT NULL AUTO_INCREMENT, AUTO_INCREMENT=4;
--
-- AUTO_INCREMENT for table `users`
--
ALTER TABLE `users`
  MODIFY `id` int(11) NOT NULL AUTO_INCREMENT;
/*!40101 SET CHARACTER_SET_CLIENT=@OLD_CHARACTER_SET_CLIENT */;
/*!40101 SET CHARACTER_SET_RESULTS=@OLD_CHARACTER_SET_RESULTS */;
/*!40101 SET COLLATION_CONNECTION=@OLD_COLLATION_CONNECTION */;
